<?xml version="1.0" encoding="UTF-8"?>
<project-private xmlns="http://www.netbeans.org/ns/project-private/1">
    <editor-bookmarks xmlns="http://www.netbeans.org/ns/editor-bookmarks/2" lastBookmarkId="0"/>
    <open-files xmlns="http://www.netbeans.org/ns/projectui-open-files/2">
        <group>
            <file>file:/D:/NetBeans/Projects/tp8ecommerce/src/tp8excepciones/TestEdad.java</file>
            <file>file:/D:/NetBeans/Projects/tp8ecommerce/src/tp8excepciones/Persona.java</file>
            <file>file:/D:/NetBeans/Projects/tp8ecommerce/src/tp8ecommerce/Producto.java</file>
            <file>file:/D:/NetBeans/Projects/tp8ecommerce/src/tp8ecommerce/PagoConDescuento.java</file>
            <file>file:/D:/NetBeans/Projects/tp8ecommerce/src/tp8excepciones/TryWithResourcesDemo.java</file>
            <file>file:/D:/NetBeans/Projects/tp8ecommerce/src/tp8excepciones/EdadInvalidaException.java</file>
            <file>file:/D:/NetBeans/Projects/tp8ecommerce/src/tp8excepciones/DivisionSegura.java</file>
            <file>file:/D:/NetBeans/Projects/tp8ecommerce/src/tp8excepciones/LecturaArchivo.java</file>
            <file>file:/D:/NetBeans/Projects/tp8ecommerce/src/tp8ecommerce/Notificable.java</file>
            <file>file:/D:/NetBeans/Projects/tp8ecommerce/src/tp8excepciones/ConversionCadenaNumero.java</file>
            <file>file:/D:/NetBeans/Projects/tp8ecommerce/src/tp8ecommerce/Cliente.java</file>
            <file>file:/D:/NetBeans/Projects/tp8ecommerce/src/tp8ecommerce/MainEcommerce.java</file>
            <file>file:/D:/NetBeans/Projects/tp8ecommerce/src/tp8ecommerce/Pago.java</file>
            <file>file:/D:/NetBeans/Projects/tp8ecommerce/src/tp8ecommerce/Pedido.java</file>
            <file>file:/D:/NetBeans/Projects/tp8ecommerce/src/tp8ecommerce/Pagable.java</file>
        </group>
    </open-files>
</project-private>
